"0010","","7/29/2022","12:50:11 PM","CHAINE1","ZPP1","","confection","CRÉÉ","","X","","","","8/19/2022","155.000","Pce","0.000","0","","0","","3","0.000","0.000","7/29/2022","12:50:11 PM","0.0","MIN","7/29/2022","12:50:11 PM","7/29/2022","12:50:11 PM","8,686.2","MIN","8/19/2022","1:08:17 PM","8/19/2022","1:08:17 PM","0.0","MIN","8/19/2022","1:08:17 PM","8/19/2022","1:08:17 PM","0.0","","8/19/2022","1:08:17 PM","8/19/2022","1:08:17 PM","8/19/2022","1:08:17 PM","8/19/2022","1:08:17 PM","0.0","","0.0","","56.040","MIN","2","Pce","0.000","","0.000","","0.000","","0.000","","00000001","0","1","1","N","50008011"
"0020","","8/19/2022","1:08:17 PM","MAIN+GAB","ZPO1","","MARQUER POSITION GLASSAGE POCHE DVT","CRÉÉ","","","","","","8/19/2022","155.000","Pce","0.000","0","","0","","3","0.000","0.000","8/19/2022","1:08:17 PM","0.0","","8/19/2022","1:08:17 PM","8/19/2022","1:08:17 PM","0.0","","8/19/2022","1:08:17 PM","8/19/2022","1:08:17 PM","0.0","","8/19/2022","1:08:17 PM","8/19/2022","1:08:17 PM","0.0","","8/19/2022","1:08:17 PM","8/19/2022","1:08:17 PM","8/19/2022","1:08:17 PM","8/19/2022","1:08:17 PM","0.0","","0.0","","0.300","MIN","200","Pce","0.000","","0.000","","0.000","","0.000","","00000002","0","2","1","N","50008011"
"0030","","8/19/2022","1:08:17 PM","RECOUV","ZPO1","","POSER PATE SUR DOUBLER","CRÉÉ","","","","","","8/19/2022","155.000","Pce","0.000","0","","0","","3","0.000","0.000","8/19/2022","1:08:17 PM","0.0","","8/19/2022","1:08:17 PM","8/19/2022","1:08:17 PM","0.0","","8/19/2022","1:08:17 PM","8/19/2022","1:08:17 PM","0.0","","8/19/2022","1:08:17 PM","8/19/2022","1:08:17 PM","0.0","","8/19/2022","1:08:17 PM","8/19/2022","1:08:17 PM","8/19/2022","1:08:17 PM","8/19/2022","1:08:17 PM","0.0","","0.0","","0.330","MIN","182","Pce","0.000","","0.000","","0.000","","0.000","","00000003","0","3","1","N","50008011"
"0040","","8/19/2022","1:08:17 PM","RECOUV","ZPO1","","POSER PARMENT SUR DOUBLURE","CRÉÉ","","","","","","8/19/2022","155.000","Pce","0.000","0","","0","","3","0.000","0.000","8/19/2022","1:08:17 PM","0.0","","8/19/2022","1:08:17 PM","8/19/2022","1:08:17 PM","0.0","","8/19/2022","1:08:17 PM","8/19/2022","1:08:17 PM","0.0","","8/19/2022","1:08:17 PM","8/19/2022","1:08:17 PM","0.0","","8/19/2022","1:08:17 PM","8/19/2022","1:08:17 PM","8/19/2022","1:08:17 PM","8/19/2022","1:08:17 PM","0.0","","0.0","","0.330","MIN","182","Pce","0.000","","0.000","","0.000","","0.000","","00000004","0","4","1","N","50008011"
"0050","","8/19/2022","1:08:17 PM","S 3 F","ZPO1","","FERMER SAC DE POCHE DVT","CRÉÉ","","","","","","8/19/2022","155.000","Pce","0.000","0","","0","","3","0.000","0.000","8/19/2022","1:08:17 PM","0.0","","8/19/2022","1:08:17 PM","8/19/2022","1:08:17 PM","0.0","","8/19/2022","1:08:17 PM","8/19/2022","1:08:17 PM","0.0","","8/19/2022","1:08:17 PM","8/19/2022","1:08:17 PM","0.0","","8/19/2022","1:08:17 PM","8/19/2022","1:08:17 PM","8/19/2022","1:08:17 PM","8/19/2022","1:08:17 PM","0.0","","0.0","","0.430","MIN","140","Pce","0.000","","0.000","","0.000","","0.000","","00000005","0","5","1","N","50008011"
"0060","","8/19/2022","1:08:17 PM","PP 1 A","ZPO1","","SURPIQUER SAC DE POCHE","CRÉÉ","","","","","","8/19/2022","155.000","Pce","0.000","0","","0","","3","0.000","0.000","8/19/2022","1:08:17 PM","0.0","","8/19/2022","1:08:17 PM","8/19/2022","1:08:17 PM","0.0","","8/19/2022","1:08:17 PM","8/19/2022","1:08:17 PM","0.0","","8/19/2022","1:08:17 PM","8/19/2022","1:08:17 PM","0.0","","8/19/2022","1:08:17 PM","8/19/2022","1:08:17 PM","8/19/2022","1:08:17 PM","8/19/2022","1:08:17 PM","0.0","","0.0","","0.600","MIN","100","Pce","0.000","","0.000","","0.000","","0.000","","00000006","0","6","1","N","50008011"
"0070","","8/19/2022","1:08:17 PM","MAIN+GAB","ZPO1","","MARQUER POSITION  DVT","CRÉÉ","","","","","","8/19/2022","155.000","Pce","0.000","0","","0","","3","0.000","0.000","8/19/2022","1:08:17 PM","0.0","","8/19/2022","1:08:17 PM","8/19/2022","1:08:17 PM","0.0","","8/19/2022","1:08:17 PM","8/19/2022","1:08:17 PM","0.0","","8/19/2022","1:08:17 PM","8/19/2022","1:08:17 PM","0.0","","8/19/2022","1:08:17 PM","8/19/2022","1:08:17 PM","8/19/2022","1:08:17 PM","8/19/2022","1:08:17 PM","0.0","","0.0","","0.460","MIN","131","Pce","0.000","","0.000","","0.000","","0.000","","00000007","0","7","1","N","50008011"
"0080","","8/19/2022","1:08:17 PM","S 3 F","ZPO1","","MONTER DOUBLER SUR DVT","CRÉÉ","","","","","","8/19/2022","155.000","Pce","0.000","0","","0","","3","0.000","0.000","8/19/2022","1:08:17 PM","0.0","","8/19/2022","1:08:17 PM","8/19/2022","1:08:17 PM","0.0","","8/19/2022","1:08:17 PM","8/19/2022","1:08:17 PM","0.0","","8/19/2022","1:08:17 PM","8/19/2022","1:08:17 PM","0.0","","8/19/2022","1:08:17 PM","8/19/2022","1:08:17 PM","8/19/2022","1:08:17 PM","8/19/2022","1:08:17 PM","0.0","","0.0","","0.400","MIN","150","Pce","0.000","","0.000","","0.000","","0.000","","00000008","0","8","1","N","50008011"
"0090","","8/19/2022","1:08:17 PM","PP 1 A","ZPO1","","SURPIQUER OUVERTURE CACHE","CRÉÉ","","","","","","8/19/2022","155.000","Pce","0.000","0","","0","","3","0.000","0.000","8/19/2022","1:08:17 PM","0.0","","8/19/2022","1:08:17 PM","8/19/2022","1:08:17 PM","0.0","","8/19/2022","1:08:17 PM","8/19/2022","1:08:17 PM","0.0","","8/19/2022","1:08:17 PM","8/19/2022","1:08:17 PM","0.0","","8/19/2022","1:08:17 PM","8/19/2022","1:08:17 PM","8/19/2022","1:08:17 PM","8/19/2022","1:08:17 PM","0.0","","0.0","","0.330","MIN","182","Pce","0.000","","0.000","","0.000","","0.000","","00000009","0","9","1","N","50008011"
"0100","","8/19/2022","1:08:17 PM","PP 2 A","ZPO1","","SURPIQUER OUVERTURE DVT","CRÉÉ","","","","","","8/19/2022","155.000","Pce","0.000","0","","0","","3","0.000","0.000","8/19/2022","1:08:17 PM","0.0","","8/19/2022","1:08:17 PM","8/19/2022","1:08:17 PM","0.0","","8/19/2022","1:08:17 PM","8/19/2022","1:08:17 PM","0.0","","8/19/2022","1:08:17 PM","8/19/2022","1:08:17 PM","0.0","","8/19/2022","1:08:17 PM","8/19/2022","1:08:17 PM","8/19/2022","1:08:17 PM","8/19/2022","1:08:17 PM","0.0","","0.0","","0.350","MIN","172","Pce","0.000","","0.000","","0.000","","0.000","","00000010","0","10","1","N","50008011"
"0110","","8/19/2022","1:08:17 PM","PP 1 A","ZPO1","","1ERE GLASSAGE COTE DVT","CRÉÉ","","","","","","8/19/2022","155.000","Pce","0.000","0","","0","","3","0.000","0.000","8/19/2022","1:08:17 PM","0.0","","8/19/2022","1:08:17 PM","8/19/2022","1:08:17 PM","0.0","","8/19/2022","1:08:17 PM","8/19/2022","1:08:17 PM","0.0","","8/19/2022","1:08:17 PM","8/19/2022","1:08:17 PM","0.0","","8/19/2022","1:08:17 PM","8/19/2022","1:08:17 PM","8/19/2022","1:08:17 PM","8/19/2022","1:08:17 PM","0.0","","0.0","","0.400","MIN","150","Pce","0.000","","0.000","","0.000","","0.000","","00000011","0","11","1","N","50008011"
"0120","","8/19/2022","1:08:17 PM","PP 1 A","ZPO1","","2EME GLASSAGE OUVRTURE DVT","CRÉÉ","","","","","","8/19/2022","155.000","Pce","0.000","0","","0","","3","0.000","0.000","8/19/2022","1:08:17 PM","0.0","","8/19/2022","1:08:17 PM","8/19/2022","1:08:17 PM","0.0","","8/19/2022","1:08:17 PM","8/19/2022","1:08:17 PM","0.0","","8/19/2022","1:08:17 PM","8/19/2022","1:08:17 PM","0.0","","8/19/2022","1:08:17 PM","8/19/2022","1:08:17 PM","8/19/2022","1:08:17 PM","8/19/2022","1:08:17 PM","0.0","","0.0","","0.380","MIN","158","Pce","0.000","","0.000","","0.000","","0.000","","00000012","0","12","1","N","50008011"
"0130","","8/19/2022","1:08:17 PM","MAIN","ZPO1","","MARIAGE DVT","CRÉÉ","","","","","","8/19/2022","155.000","Pce","0.000","0","","0","","3","0.000","0.000","8/19/2022","1:08:17 PM","0.0","","8/19/2022","1:08:17 PM","8/19/2022","1:08:17 PM","0.0","","8/19/2022","1:08:17 PM","8/19/2022","1:08:17 PM","0.0","","8/19/2022","1:08:17 PM","8/19/2022","1:08:17 PM","0.0","","8/19/2022","1:08:17 PM","8/19/2022","1:08:17 PM","8/19/2022","1:08:17 PM","8/19/2022","1:08:17 PM","0.0","","0.0","","0.250","MIN","240","Pce","0.000","","0.000","","0.000","","0.000","","00000013","0","13","1","N","50008011"
"0140","","8/19/2022","1:08:17 PM","S 3 F","ZPO1","","MARQUER POSITION SOUSPONT","CRÉÉ","","","","","","8/19/2022","155.000","Pce","0.000","0","","0","","3","0.000","0.000","8/19/2022","1:08:17 PM","0.0","","8/19/2022","1:08:17 PM","8/19/2022","1:08:17 PM","0.0","","8/19/2022","1:08:17 PM","8/19/2022","1:08:17 PM","0.0","","8/19/2022","1:08:17 PM","8/19/2022","1:08:17 PM","0.0","","8/19/2022","1:08:17 PM","8/19/2022","1:08:17 PM","8/19/2022","1:08:17 PM","8/19/2022","1:08:17 PM","0.0","","0.0","","0.100","MIN","600","Pce","0.000","","0.000","","0.000","","0.000","","00000014","0","14","1","N","50008011"
"0150","","8/19/2022","1:08:17 PM","THERMOCO","ZPO1","","POSER VIZLINE BRAG","CRÉÉ","","","","","","8/19/2022","155.000","Pce","0.000","0","","0","","3","0.000","0.000","8/19/2022","1:08:17 PM","0.0","","8/19/2022","1:08:17 PM","8/19/2022","1:08:17 PM","0.0","","8/19/2022","1:08:17 PM","8/19/2022","1:08:17 PM","0.0","","8/19/2022","1:08:17 PM","8/19/2022","1:08:17 PM","0.0","","8/19/2022","1:08:17 PM","8/19/2022","1:08:17 PM","8/19/2022","1:08:17 PM","8/19/2022","1:08:17 PM","0.0","","0.0","","0.130","MIN","462","Pce","0.000","","0.000","","0.000","","0.000","","00000015","0","15","1","N","50008011"
"0160","","8/19/2022","1:08:17 PM","MAIN+FER","ZPO1","","POSER VIZLINE SOUSPONT","CRÉÉ","","","","","","8/19/2022","155.000","Pce","0.000","0","","0","","3","0.000","0.000","8/19/2022","1:08:17 PM","0.0","","8/19/2022","1:08:17 PM","8/19/2022","1:08:17 PM","0.0","","8/19/2022","1:08:17 PM","8/19/2022","1:08:17 PM","0.0","","8/19/2022","1:08:17 PM","8/19/2022","1:08:17 PM","0.0","","8/19/2022","1:08:17 PM","8/19/2022","1:08:17 PM","8/19/2022","1:08:17 PM","8/19/2022","1:08:17 PM","0.0","","0.0","","0.130","MIN","462","Pce","0.000","","0.000","","0.000","","0.000","","00000016","0","16","1","N","50008011"
"0170","","8/19/2022","1:08:17 PM","S 3 F","ZPO1","","SURfiler FOURCHE","CRÉÉ","","","","","","8/19/2022","155.000","Pce","0.000","0","","0","","3","0.000","0.000","8/19/2022","1:08:17 PM","0.0","","8/19/2022","1:08:17 PM","8/19/2022","1:08:17 PM","0.0","","8/19/2022","1:08:17 PM","8/19/2022","1:08:17 PM","0.0","","8/19/2022","1:08:17 PM","8/19/2022","1:08:17 PM","0.0","","8/19/2022","1:08:17 PM","8/19/2022","1:08:17 PM","8/19/2022","1:08:17 PM","8/19/2022","1:08:17 PM","0.0","","0.0","","0.200","MIN","300","Pce","0.000","","0.000","","0.000","","0.000","","00000017","0","17","1","N","50008011"
"0180","","8/19/2022","1:08:17 PM","S 3 F","ZPO1","","SURFILER BRAGUETTE","CRÉÉ","","","","","","8/19/2022","155.000","Pce","0.000","0","","0","","3","0.000","0.000","8/19/2022","1:08:17 PM","0.0","","8/19/2022","1:08:17 PM","8/19/2022","1:08:17 PM","0.0","","8/19/2022","1:08:17 PM","8/19/2022","1:08:17 PM","0.0","","8/19/2022","1:08:17 PM","8/19/2022","1:08:17 PM","0.0","","8/19/2022","1:08:17 PM","8/19/2022","1:08:17 PM","8/19/2022","1:08:17 PM","8/19/2022","1:08:17 PM","0.0","","0.0","","0.120","MIN","500","Pce","0.000","","0.000","","0.000","","0.000","","00000018","0","18","1","N","50008011"
"0190","","8/19/2022","1:08:17 PM","S 3 F","ZPO1","","SURFILER SOUSPONT+MONTER","CRÉÉ","","","","","","8/19/2022","155.000","Pce","0.000","0","","0","","3","0.000","0.000","8/19/2022","1:08:17 PM","0.0","","8/19/2022","1:08:17 PM","8/19/2022","1:08:17 PM","0.0","","8/19/2022","1:08:17 PM","8/19/2022","1:08:17 PM","0.0","","8/19/2022","1:08:17 PM","8/19/2022","1:08:17 PM","0.0","","8/19/2022","1:08:17 PM","8/19/2022","1:08:17 PM","8/19/2022","1:08:17 PM","8/19/2022","1:08:17 PM","0.0","","0.0","","0.460","MIN","131","Pce","0.000","","0.000","","0.000","","0.000","","00000019","0","19","1","N","50008011"
"0200","","8/19/2022","1:08:17 PM","PP 1 A","ZPO1","","POSER BAIS SUR BRAGETTE","CRÉÉ","","","","","","8/19/2022","155.000","Pce","0.000","0","","0","","3","0.000","0.000","8/19/2022","1:08:17 PM","0.0","","8/19/2022","1:08:17 PM","8/19/2022","1:08:17 PM","0.0","","8/19/2022","1:08:17 PM","8/19/2022","1:08:17 PM","0.0","","8/19/2022","1:08:17 PM","8/19/2022","1:08:17 PM","0.0","","8/19/2022","1:08:17 PM","8/19/2022","1:08:17 PM","8/19/2022","1:08:17 PM","8/19/2022","1:08:17 PM","0.0","","0.0","","0.300","MIN","200","Pce","0.000","","0.000","","0.000","","0.000","","00000020","0","20","1","N","50008011"
"0210","","8/19/2022","1:08:17 PM","PP 1 A","ZPO1","","POSER BAIS SUR SOUSPONT","CRÉÉ","","","","","","8/19/2022","155.000","Pce","0.000","0","","0","","3","0.000","0.000","8/19/2022","1:08:17 PM","0.0","","8/19/2022","1:08:17 PM","8/19/2022","1:08:17 PM","0.0","","8/19/2022","1:08:17 PM","8/19/2022","1:08:17 PM","0.0","","8/19/2022","1:08:17 PM","8/19/2022","1:08:17 PM","0.0","","8/19/2022","1:08:17 PM","8/19/2022","1:08:17 PM","8/19/2022","1:08:17 PM","8/19/2022","1:08:17 PM","0.0","","0.0","","0.300","MIN","200","Pce","0.000","","0.000","","0.000","","0.000","","00000021","0","21","1","N","50008011"
"0220","","8/19/2022","1:08:17 PM","PP 1 A","ZPO1","","MONTER BRAGUETTE","CRÉÉ","","","","","","8/19/2022","155.000","Pce","0.000","0","","0","","3","0.000","0.000","8/19/2022","1:08:17 PM","0.0","","8/19/2022","1:08:17 PM","8/19/2022","1:08:17 PM","0.0","","8/19/2022","1:08:17 PM","8/19/2022","1:08:17 PM","0.0","","8/19/2022","1:08:17 PM","8/19/2022","1:08:17 PM","0.0","","8/19/2022","1:08:17 PM","8/19/2022","1:08:17 PM","8/19/2022","1:08:17 PM","8/19/2022","1:08:17 PM","0.0","","0.0","","0.400","MIN","150","Pce","0.000","","0.000","","0.000","","0.000","","00000022","0","22","1","N","50008011"
"0230","","8/19/2022","1:08:17 PM","PP 1 A","ZPO1","","POSER  FG + VIG","CRÉÉ","","","","","","8/19/2022","155.000","Pce","0.000","0","","0","","3","0.000","0.000","8/19/2022","1:08:17 PM","0.0","","8/19/2022","1:08:17 PM","8/19/2022","1:08:17 PM","0.0","","8/19/2022","1:08:17 PM","8/19/2022","1:08:17 PM","0.0","","8/19/2022","1:08:17 PM","8/19/2022","1:08:17 PM","0.0","","8/19/2022","1:08:17 PM","8/19/2022","1:08:17 PM","8/19/2022","1:08:17 PM","8/19/2022","1:08:17 PM","0.0","","0.0","","0.400","MIN","150","Pce","0.000","","0.000","","0.000","","0.000","","00000023","0","23","1","N","50008011"
"0240","","8/19/2022","1:08:17 PM","PP 2 A","ZPO1","","EXECUTER   DESSIN BRAGUETTE","CRÉÉ","","","","","","8/19/2022","155.000","Pce","0.000","0","","0","","3","0.000","0.000","8/19/2022","1:08:17 PM","0.0","","8/19/2022","1:08:17 PM","8/19/2022","1:08:17 PM","0.0","","8/19/2022","1:08:17 PM","8/19/2022","1:08:17 PM","0.0","","8/19/2022","1:08:17 PM","8/19/2022","1:08:17 PM","0.0","","8/19/2022","1:08:17 PM","8/19/2022","1:08:17 PM","8/19/2022","1:08:17 PM","8/19/2022","1:08:17 PM","0.0","","0.0","","0.350","MIN","172","Pce","0.000","","0.000","","0.000","","0.000","","00000024","0","24","1","N","50008011"
"0250","","8/19/2022","1:08:17 PM","PP 1 A","ZPO1","","ASSEMBLER MILEIU DVT","CRÉÉ","","","","","","8/19/2022","155.000","Pce","0.000","0","","0","","3","0.000","0.000","8/19/2022","1:08:17 PM","0.0","","8/19/2022","1:08:17 PM","8/19/2022","1:08:17 PM","0.0","","8/19/2022","1:08:17 PM","8/19/2022","1:08:17 PM","0.0","","8/19/2022","1:08:17 PM","8/19/2022","1:08:17 PM","0.0","","8/19/2022","1:08:17 PM","8/19/2022","1:08:17 PM","8/19/2022","1:08:17 PM","8/19/2022","1:08:17 PM","0.0","","0.0","","0.400","MIN","150","Pce","0.000","","0.000","","0.000","","0.000","","00000025","0","25","1","N","50008011"
"0260","","8/19/2022","1:08:17 PM","PP 2 A","ZPO1","","FERMER FOURCHE","CRÉÉ","","","","","","8/19/2022","155.000","Pce","0.000","0","","0","","3","0.000","0.000","8/19/2022","1:08:17 PM","0.0","","8/19/2022","1:08:17 PM","8/19/2022","1:08:17 PM","0.0","","8/19/2022","1:08:17 PM","8/19/2022","1:08:17 PM","0.0","","8/19/2022","1:08:17 PM","8/19/2022","1:08:17 PM","0.0","","8/19/2022","1:08:17 PM","8/19/2022","1:08:17 PM","8/19/2022","1:08:17 PM","8/19/2022","1:08:17 PM","0.0","","0.0","","0.380","MIN","158","Pce","0.000","","0.000","","0.000","","0.000","","00000026","0","26","1","N","50008011"
"0270","","8/19/2022","1:08:17 PM","S 3 F","ZPO1","","SURFILER BRAGUETTE","CRÉÉ","","","","","","8/19/2022","155.000","Pce","0.000","0","","0","","3","0.000","0.000","8/19/2022","1:08:17 PM","0.0","","8/19/2022","1:08:17 PM","8/19/2022","1:08:17 PM","0.0","","8/19/2022","1:08:17 PM","8/19/2022","1:08:17 PM","0.0","","8/19/2022","1:08:17 PM","8/19/2022","1:08:17 PM","0.0","","8/19/2022","1:08:17 PM","8/19/2022","1:08:17 PM","8/19/2022","1:08:17 PM","8/19/2022","1:08:17 PM","0.0","","0.0","","0.120","MIN","500","Pce","0.000","","0.000","","0.000","","0.000","","00000027","0","27","1","N","50008011"
"0280","","8/19/2022","1:08:17 PM","S 3 F","ZPO1","","SURFILER SOUSPONT+MONTER","CRÉÉ","","","","","","8/19/2022","155.000","Pce","0.000","0","","0","","3","0.000","0.000","8/19/2022","1:08:17 PM","0.0","","8/19/2022","1:08:17 PM","8/19/2022","1:08:17 PM","0.0","","8/19/2022","1:08:17 PM","8/19/2022","1:08:17 PM","0.0","","8/19/2022","1:08:17 PM","8/19/2022","1:08:17 PM","0.0","","8/19/2022","1:08:17 PM","8/19/2022","1:08:17 PM","8/19/2022","1:08:17 PM","8/19/2022","1:08:17 PM","0.0","","0.0","","0.460","MIN","131","Pce","0.000","","0.000","","0.000","","0.000","","00000028","0","28","1","N","50008011"
"0290","","8/19/2022","1:08:17 PM","PP 1 A","ZPO1","","POSER BAIS SUR BRAGETTE","CRÉÉ","","","","","","8/19/2022","155.000","Pce","0.000","0","","0","","3","0.000","0.000","8/19/2022","1:08:17 PM","0.0","","8/19/2022","1:08:17 PM","8/19/2022","1:08:17 PM","0.0","","8/19/2022","1:08:17 PM","8/19/2022","1:08:17 PM","0.0","","8/19/2022","1:08:17 PM","8/19/2022","1:08:17 PM","0.0","","8/19/2022","1:08:17 PM","8/19/2022","1:08:17 PM","8/19/2022","1:08:17 PM","8/19/2022","1:08:17 PM","0.0","","0.0","","0.300","MIN","200","Pce","0.000","","0.000","","0.000","","0.000","","00000029","0","29","1","N","50008011"
"0300","","8/19/2022","1:08:17 PM","PP 1 A","ZPO1","","POSER BAIS SUR SOUSPONT","CRÉÉ","","","","","","8/19/2022","155.000","Pce","0.000","0","","0","","3","0.000","0.000","8/19/2022","1:08:17 PM","0.0","","8/19/2022","1:08:17 PM","8/19/2022","1:08:17 PM","0.0","","8/19/2022","1:08:17 PM","8/19/2022","1:08:17 PM","0.0","","8/19/2022","1:08:17 PM","8/19/2022","1:08:17 PM","0.0","","8/19/2022","1:08:17 PM","8/19/2022","1:08:17 PM","8/19/2022","1:08:17 PM","8/19/2022","1:08:17 PM","0.0","","0.0","","0.300","MIN","200","Pce","0.000","","0.000","","0.000","","0.000","","00000030","0","30","1","N","50008011"
"0310","","8/19/2022","1:08:17 PM","PP 1 A","ZPO1","","MONTER BRAGUETTE","CRÉÉ","","","","","","8/19/2022","155.000","Pce","0.000","0","","0","","3","0.000","0.000","8/19/2022","1:08:17 PM","0.0","","8/19/2022","1:08:17 PM","8/19/2022","1:08:17 PM","0.0","","8/19/2022","1:08:17 PM","8/19/2022","1:08:17 PM","0.0","","8/19/2022","1:08:17 PM","8/19/2022","1:08:17 PM","0.0","","8/19/2022","1:08:17 PM","8/19/2022","1:08:17 PM","8/19/2022","1:08:17 PM","8/19/2022","1:08:17 PM","0.0","","0.0","","0.400","MIN","150","Pce","0.000","","0.000","","0.000","","0.000","","00000031","0","31","1","N","50008011"
"0320","","8/19/2022","1:08:17 PM","PP 1 A","ZPO1","","POSER  FG + VIG","CRÉÉ","","","","","","8/19/2022","155.000","Pce","0.000","0","","0","","3","0.000","0.000","8/19/2022","1:08:17 PM","0.0","","8/19/2022","1:08:17 PM","8/19/2022","1:08:17 PM","0.0","","8/19/2022","1:08:17 PM","8/19/2022","1:08:17 PM","0.0","","8/19/2022","1:08:17 PM","8/19/2022","1:08:17 PM","0.0","","8/19/2022","1:08:17 PM","8/19/2022","1:08:17 PM","8/19/2022","1:08:17 PM","8/19/2022","1:08:17 PM","0.0","","0.0","","0.400","MIN","150","Pce","0.000","","0.000","","0.000","","0.000","","00000032","0","32","1","N","50008011"
"0330","","8/19/2022","1:08:17 PM","PP 2 A","ZPO1","","EXECUTER   DESSIN BRAGUETTE","CRÉÉ","","","","","","8/19/2022","155.000","Pce","0.000","0","","0","","3","0.000","0.000","8/19/2022","1:08:17 PM","0.0","","8/19/2022","1:08:17 PM","8/19/2022","1:08:17 PM","0.0","","8/19/2022","1:08:17 PM","8/19/2022","1:08:17 PM","0.0","","8/19/2022","1:08:17 PM","8/19/2022","1:08:17 PM","0.0","","8/19/2022","1:08:17 PM","8/19/2022","1:08:17 PM","8/19/2022","1:08:17 PM","8/19/2022","1:08:17 PM","0.0","","0.0","","0.350","MIN","172","Pce","0.000","","0.000","","0.000","","0.000","","00000033","0","33","1","N","50008011"
"0340","","8/19/2022","1:08:17 PM","PP 1 A","ZPO1","","ASSEMBLER MILEIU DVT","CRÉÉ","","","","","","8/19/2022","155.000","Pce","0.000","0","","0","","3","0.000","0.000","8/19/2022","1:08:17 PM","0.0","","8/19/2022","1:08:17 PM","8/19/2022","1:08:17 PM","0.0","","8/19/2022","1:08:17 PM","8/19/2022","1:08:17 PM","0.0","","8/19/2022","1:08:17 PM","8/19/2022","1:08:17 PM","0.0","","8/19/2022","1:08:17 PM","8/19/2022","1:08:17 PM","8/19/2022","1:08:17 PM","8/19/2022","1:08:17 PM","0.0","","0.0","","0.400","MIN","150","Pce","0.000","","0.000","","0.000","","0.000","","00000034","0","34","1","N","50008011"
"0350","","8/19/2022","1:08:17 PM","PP 2 A","ZPO1","","FERMER FOURCHE","CRÉÉ","","","","","","8/19/2022","155.000","Pce","0.000","0","","0","","3","0.000","0.000","8/19/2022","1:08:17 PM","0.0","","8/19/2022","1:08:17 PM","8/19/2022","1:08:17 PM","0.0","","8/19/2022","1:08:17 PM","8/19/2022","1:08:17 PM","0.0","","8/19/2022","1:08:17 PM","8/19/2022","1:08:17 PM","0.0","","8/19/2022","1:08:17 PM","8/19/2022","1:08:17 PM","8/19/2022","1:08:17 PM","8/19/2022","1:08:17 PM","0.0","","0.0","","0.380","MIN","158","Pce","0.000","","0.000","","0.000","","0.000","","00000035","0","35","1","N","50008011"
"0360","","8/19/2022","1:08:17 PM","MAIN+CIS","ZPO1","","CONTROLER DEVANT","CRÉÉ","","","","","","8/19/2022","155.000","Pce","0.000","0","","0","","3","0.000","0.000","8/19/2022","1:08:17 PM","0.0","","8/19/2022","1:08:17 PM","8/19/2022","1:08:17 PM","0.0","","8/19/2022","1:08:17 PM","8/19/2022","1:08:17 PM","0.0","","8/19/2022","1:08:17 PM","8/19/2022","1:08:17 PM","0.0","","8/19/2022","1:08:17 PM","8/19/2022","1:08:17 PM","8/19/2022","1:08:17 PM","8/19/2022","1:08:17 PM","0.0","","0.0","","0.460","MIN","131","Pce","0.000","","0.000","","0.000","","0.000","","00000036","0","36","1","N","50008011"
"0370","","8/19/2022","1:08:17 PM","BRIDEUSE","ZPO1","","POSER 3 BRIDES","CRÉÉ","","","","","","8/19/2022","155.000","Pce","0.000","0","","0","","3","0.000","0.000","8/19/2022","1:08:17 PM","0.0","","8/19/2022","1:08:17 PM","8/19/2022","1:08:17 PM","0.0","","8/19/2022","1:08:17 PM","8/19/2022","1:08:17 PM","0.0","","8/19/2022","1:08:17 PM","8/19/2022","1:08:17 PM","0.0","","8/19/2022","1:08:17 PM","8/19/2022","1:08:17 PM","8/19/2022","1:08:17 PM","8/19/2022","1:08:17 PM","0.0","","0.0","","0.180","MIN","334","Pce","0.000","","0.000","","0.000","","0.000","","00000037","0","37","1","N","50008011"
"0380","","8/19/2022","1:08:17 PM","S 3 F","ZPO1","","SURFILER COTE DVT","CRÉÉ","","","","","","8/19/2022","155.000","Pce","0.000","0","","0","","3","0.000","0.000","8/19/2022","1:08:17 PM","0.0","","8/19/2022","1:08:17 PM","8/19/2022","1:08:17 PM","0.0","","8/19/2022","1:08:17 PM","8/19/2022","1:08:17 PM","0.0","","8/19/2022","1:08:17 PM","8/19/2022","1:08:17 PM","0.0","","8/19/2022","1:08:17 PM","8/19/2022","1:08:17 PM","8/19/2022","1:08:17 PM","8/19/2022","1:08:17 PM","0.0","","0.0","","0.460","MIN","131","Pce","0.000","","0.000","","0.000","","0.000","","00000038","0","38","1","N","50008011"
"0390","","8/19/2022","1:08:17 PM","PP 1 A","ZPO1","","PREPARER BANDE PASSANT","CRÉÉ","","","","","","8/19/2022","155.000","Pce","0.000","0","","0","","3","0.000","0.000","8/19/2022","1:08:17 PM","0.0","","8/19/2022","1:08:17 PM","8/19/2022","1:08:17 PM","0.0","","8/19/2022","1:08:17 PM","8/19/2022","1:08:17 PM","0.0","","8/19/2022","1:08:17 PM","8/19/2022","1:08:17 PM","0.0","","8/19/2022","1:08:17 PM","8/19/2022","1:08:17 PM","8/19/2022","1:08:17 PM","8/19/2022","1:08:17 PM","0.0","","0.0","","0.300","MIN","200","Pce","0.000","","0.000","","0.000","","0.000","","00000039","0","39","1","N","50008011"
"0400","","8/19/2022","1:08:17 PM","PP 1 A","ZPO1","","GLASSAGE 1 PASSANT DVT","CRÉÉ","","","","","","8/19/2022","155.000","Pce","0.000","0","","0","","3","0.000","0.000","8/19/2022","1:08:17 PM","0.0","","8/19/2022","1:08:17 PM","8/19/2022","1:08:17 PM","0.0","","8/19/2022","1:08:17 PM","8/19/2022","1:08:17 PM","0.0","","8/19/2022","1:08:17 PM","8/19/2022","1:08:17 PM","0.0","","8/19/2022","1:08:17 PM","8/19/2022","1:08:17 PM","8/19/2022","1:08:17 PM","8/19/2022","1:08:17 PM","0.0","","0.0","","0.300","MIN","200","Pce","0.000","","0.000","","0.000","","0.000","","00000040","0","40","1","N","50008011"
"0410","","8/19/2022","1:08:17 PM","MAIN+FER","ZPO1","","POSER VIZLINE LEVER PS DOS","CRÉÉ","","","","","","8/19/2022","155.000","Pce","0.000","0","","0","","3","0.000","0.000","8/19/2022","1:08:17 PM","0.0","","8/19/2022","1:08:17 PM","8/19/2022","1:08:17 PM","0.0","","8/19/2022","1:08:17 PM","8/19/2022","1:08:17 PM","0.0","","8/19/2022","1:08:17 PM","8/19/2022","1:08:17 PM","0.0","","8/19/2022","1:08:17 PM","8/19/2022","1:08:17 PM","8/19/2022","1:08:17 PM","8/19/2022","1:08:17 PM","0.0","","0.0","","0.260","MIN","231","Pce","0.000","","0.000","","0.000","","0.000","","00000041","0","41","1","N","50008011"
"0420","","8/19/2022","1:08:17 PM","MAIN+FER","ZPO1","","POSER VIZLINE PATE","CRÉÉ","","","","","","8/19/2022","155.000","Pce","0.000","0","","0","","3","0.000","0.000","8/19/2022","1:08:17 PM","0.0","","8/19/2022","1:08:17 PM","8/19/2022","1:08:17 PM","0.0","","8/19/2022","1:08:17 PM","8/19/2022","1:08:17 PM","0.0","","8/19/2022","1:08:17 PM","8/19/2022","1:08:17 PM","0.0","","8/19/2022","1:08:17 PM","8/19/2022","1:08:17 PM","8/19/2022","1:08:17 PM","8/19/2022","1:08:17 PM","0.0","","0.0","","0.260","MIN","231","Pce","0.000","","0.000","","0.000","","0.000","","00000042","0","42","1","N","50008011"
"0430","","8/19/2022","1:08:17 PM","S 3 F","ZPO1","","SURFILER  LEVRE PS DOS","CRÉÉ","","","","","","8/19/2022","155.000","Pce","0.000","0","","0","","3","0.000","0.000","8/19/2022","1:08:17 PM","0.0","","8/19/2022","1:08:17 PM","8/19/2022","1:08:17 PM","0.0","","8/19/2022","1:08:17 PM","8/19/2022","1:08:17 PM","0.0","","8/19/2022","1:08:17 PM","8/19/2022","1:08:17 PM","0.0","","8/19/2022","1:08:17 PM","8/19/2022","1:08:17 PM","8/19/2022","1:08:17 PM","8/19/2022","1:08:17 PM","0.0","","0.0","","0.200","MIN","300","Pce","0.000","","0.000","","0.000","","0.000","","00000043","0","43","1","N","50008011"
"0440","","8/19/2022","1:08:17 PM","S 3 F","ZPO1","","SURFILER  PARMENT DOS","CRÉÉ","","","","","","8/19/2022","155.000","Pce","0.000","0","","0","","3","0.000","0.000","8/19/2022","1:08:17 PM","0.0","","8/19/2022","1:08:17 PM","8/19/2022","1:08:17 PM","0.0","","8/19/2022","1:08:17 PM","8/19/2022","1:08:17 PM","0.0","","8/19/2022","1:08:17 PM","8/19/2022","1:08:17 PM","0.0","","8/19/2022","1:08:17 PM","8/19/2022","1:08:17 PM","8/19/2022","1:08:17 PM","8/19/2022","1:08:17 PM","0.0","","0.0","","0.200","MIN","300","Pce","0.000","","0.000","","0.000","","0.000","","00000044","0","44","1","N","50008011"
"0450","","8/19/2022","1:08:17 PM","MAIN+FER","ZPO1","","PERFORMER OURLER LEVER PS DOS","CRÉÉ","","","","","","8/19/2022","155.000","Pce","0.000","0","","0","","3","0.000","0.000","8/19/2022","1:08:17 PM","0.0","","8/19/2022","1:08:17 PM","8/19/2022","1:08:17 PM","0.0","","8/19/2022","1:08:17 PM","8/19/2022","1:08:17 PM","0.0","","8/19/2022","1:08:17 PM","8/19/2022","1:08:17 PM","0.0","","8/19/2022","1:08:17 PM","8/19/2022","1:08:17 PM","8/19/2022","1:08:17 PM","8/19/2022","1:08:17 PM","0.0","","0.0","","0.300","MIN","200","Pce","0.000","","0.000","","0.000","","0.000","","00000045","0","45","1","N","50008011"
"0460","","8/19/2022","1:08:17 PM","MAIN+GAB","ZPO1","","MARQUER PINCE DOS","CRÉÉ","","","","","","8/19/2022","155.000","Pce","0.000","0","","0","","3","0.000","0.000","8/19/2022","1:08:17 PM","0.0","","8/19/2022","1:08:17 PM","8/19/2022","1:08:17 PM","0.0","","8/19/2022","1:08:17 PM","8/19/2022","1:08:17 PM","0.0","","8/19/2022","1:08:17 PM","8/19/2022","1:08:17 PM","0.0","","8/19/2022","1:08:17 PM","8/19/2022","1:08:17 PM","8/19/2022","1:08:17 PM","8/19/2022","1:08:17 PM","0.0","","0.0","","0.380","MIN","158","Pce","0.000","","0.000","","0.000","","0.000","","00000046","0","46","1","N","50008011"
"0470","","8/19/2022","1:08:17 PM","PP 1 A","ZPO1","","EXECUTER PINCE DOS","CRÉÉ","","","","","","8/19/2022","155.000","Pce","0.000","0","","0","","3","0.000","0.000","8/19/2022","1:08:17 PM","0.0","","8/19/2022","1:08:17 PM","8/19/2022","1:08:17 PM","0.0","","8/19/2022","1:08:17 PM","8/19/2022","1:08:17 PM","0.0","","8/19/2022","1:08:17 PM","8/19/2022","1:08:17 PM","0.0","","8/19/2022","1:08:17 PM","8/19/2022","1:08:17 PM","8/19/2022","1:08:17 PM","8/19/2022","1:08:17 PM","0.0","","0.0","","0.300","MIN","200","Pce","0.000","","0.000","","0.000","","0.000","","00000047","0","47","1","N","50008011"
"0480","","8/19/2022","1:08:17 PM","FER","ZPO1","","REPASSER PINCE DOS","CRÉÉ","","","","","","8/19/2022","155.000","Pce","0.000","0","","0","","3","0.000","0.000","8/19/2022","1:08:17 PM","0.0","","8/19/2022","1:08:17 PM","8/19/2022","1:08:17 PM","0.0","","8/19/2022","1:08:17 PM","8/19/2022","1:08:17 PM","0.0","","8/19/2022","1:08:17 PM","8/19/2022","1:08:17 PM","0.0","","8/19/2022","1:08:17 PM","8/19/2022","1:08:17 PM","8/19/2022","1:08:17 PM","8/19/2022","1:08:17 PM","0.0","","0.0","","0.270","MIN","223","Pce","0.000","","0.000","","0.000","","0.000","","00000048","0","48","1","N","50008011"
"0490","","8/19/2022","1:08:17 PM","MAIN+GAB","ZPO1","","MARQUER POSITION PS  DOS","CRÉÉ","","","","","","8/19/2022","155.000","Pce","0.000","0","","0","","3","0.000","0.000","8/19/2022","1:08:17 PM","0.0","","8/19/2022","1:08:17 PM","8/19/2022","1:08:17 PM","0.0","","8/19/2022","1:08:17 PM","8/19/2022","1:08:17 PM","0.0","","8/19/2022","1:08:17 PM","8/19/2022","1:08:17 PM","0.0","","8/19/2022","1:08:17 PM","8/19/2022","1:08:17 PM","8/19/2022","1:08:17 PM","8/19/2022","1:08:17 PM","0.0","","0.0","","0.380","MIN","158","Pce","0.000","","0.000","","0.000","","0.000","","00000049","0","49","1","N","50008011"
"0500","","8/19/2022","1:08:17 PM","PP 1 A","ZPO1","","POSER DOUBLURE SUR DOS","CRÉÉ","","","","","","8/19/2022","155.000","Pce","0.000","0","","0","","3","0.000","0.000","8/19/2022","1:08:17 PM","0.0","","8/19/2022","1:08:17 PM","8/19/2022","1:08:17 PM","0.0","","8/19/2022","1:08:17 PM","8/19/2022","1:08:17 PM","0.0","","8/19/2022","1:08:17 PM","8/19/2022","1:08:17 PM","0.0","","8/19/2022","1:08:17 PM","8/19/2022","1:08:17 PM","8/19/2022","1:08:17 PM","8/19/2022","1:08:17 PM","0.0","","0.0","","0.400","MIN","150","Pce","0.000","","0.000","","0.000","","0.000","","00000050","0","50","1","N","50008011"
"0510","","8/19/2022","1:08:17 PM","MAIN+GAB","ZPO1","","MARQUER POSITION LEVRE SUR DOUBLURE","CRÉÉ","","","","","","8/19/2022","155.000","Pce","0.000","0","","0","","3","0.000","0.000","8/19/2022","1:08:17 PM","0.0","","8/19/2022","1:08:17 PM","8/19/2022","1:08:17 PM","0.0","","8/19/2022","1:08:17 PM","8/19/2022","1:08:17 PM","0.0","","8/19/2022","1:08:17 PM","8/19/2022","1:08:17 PM","0.0","","8/19/2022","1:08:17 PM","8/19/2022","1:08:17 PM","8/19/2022","1:08:17 PM","8/19/2022","1:08:17 PM","0.0","","0.0","","0.330","MIN","182","Pce","0.000","","0.000","","0.000","","0.000","","00000051","0","51","1","N","50008011"
"0520","","8/19/2022","1:08:17 PM","PP 1 A","ZPO1","","GLASAGE LEVRE SUR DOUBLURE","CRÉÉ","","","","","","8/19/2022","155.000","Pce","0.000","0","","0","","3","0.000","0.000","8/19/2022","1:08:17 PM","0.0","","8/19/2022","1:08:17 PM","8/19/2022","1:08:17 PM","0.0","","8/19/2022","1:08:17 PM","8/19/2022","1:08:17 PM","0.0","","8/19/2022","1:08:17 PM","8/19/2022","1:08:17 PM","0.0","","8/19/2022","1:08:17 PM","8/19/2022","1:08:17 PM","8/19/2022","1:08:17 PM","8/19/2022","1:08:17 PM","0.0","","0.0","","0.350","MIN","172","Pce","0.000","","0.000","","0.000","","0.000","","00000052","0","52","1","N","50008011"
"0530","","8/19/2022","1:08:17 PM","PPS","ZPO1","","PASSEPOILER DOS","CRÉÉ","","","","","","8/19/2022","155.000","Pce","0.000","0","","0","","3","0.000","0.000","8/19/2022","1:08:17 PM","0.0","","8/19/2022","1:08:17 PM","8/19/2022","1:08:17 PM","0.0","","8/19/2022","1:08:17 PM","8/19/2022","1:08:17 PM","0.0","","8/19/2022","1:08:17 PM","8/19/2022","1:08:17 PM","0.0","","8/19/2022","1:08:17 PM","8/19/2022","1:08:17 PM","8/19/2022","1:08:17 PM","8/19/2022","1:08:17 PM","0.0","","0.0","","0.500","MIN","120","Pce","0.000","","0.000","","0.000","","0.000","","00000053","0","53","1","N","50008011"
"0540","","8/19/2022","1:08:17 PM","MAIN+CIS","ZPO1","","COUPER PPS DOS","CRÉÉ","","","","","","8/19/2022","155.000","Pce","0.000","0","","0","","3","0.000","0.000","8/19/2022","1:08:17 PM","0.0","","8/19/2022","1:08:17 PM","8/19/2022","1:08:17 PM","0.0","","8/19/2022","1:08:17 PM","8/19/2022","1:08:17 PM","0.0","","8/19/2022","1:08:17 PM","8/19/2022","1:08:17 PM","0.0","","8/19/2022","1:08:17 PM","8/19/2022","1:08:17 PM","8/19/2022","1:08:17 PM","8/19/2022","1:08:17 PM","0.0","","0.0","","0.600","MIN","100","Pce","0.000","","0.000","","0.000","","0.000","","00000054","0","54","1","N","50008011"
"0550","","8/19/2022","1:08:17 PM","MAIN+FER","ZPO1","","REPASSER PPS DOS","CRÉÉ","","","","","","8/19/2022","155.000","Pce","0.000","0","","0","","3","0.000","0.000","8/19/2022","1:08:17 PM","0.0","","8/19/2022","1:08:17 PM","8/19/2022","1:08:17 PM","0.0","","8/19/2022","1:08:17 PM","8/19/2022","1:08:17 PM","0.0","","8/19/2022","1:08:17 PM","8/19/2022","1:08:17 PM","0.0","","8/19/2022","1:08:17 PM","8/19/2022","1:08:17 PM","8/19/2022","1:08:17 PM","8/19/2022","1:08:17 PM","0.0","","0.0","","0.600","MIN","100","Pce","0.000","","0.000","","0.000","","0.000","","00000055","0","55","1","N","50008011"
"0560","","8/19/2022","1:08:17 PM","PP 1 A","ZPO1","","POSER ARRET PPS DOS","CRÉÉ","","","","","","8/19/2022","155.000","Pce","0.000","0","","0","","3","0.000","0.000","8/19/2022","1:08:17 PM","0.0","","8/19/2022","1:08:17 PM","8/19/2022","1:08:17 PM","0.0","","8/19/2022","1:08:17 PM","8/19/2022","1:08:17 PM","0.0","","8/19/2022","1:08:17 PM","8/19/2022","1:08:17 PM","0.0","","8/19/2022","1:08:17 PM","8/19/2022","1:08:17 PM","8/19/2022","1:08:17 PM","8/19/2022","1:08:17 PM","0.0","","0.0","","0.500","MIN","120","Pce","0.000","","0.000","","0.000","","0.000","","00000056","0","56","1","N","50008011"
"0570","","8/19/2022","1:08:17 PM","PP 1 A","ZPO1","","GLASSAGE LEVRE PS DOS","CRÉÉ","","","","","","8/19/2022","155.000","Pce","0.000","0","","0","","3","0.000","0.000","8/19/2022","1:08:17 PM","0.0","","8/19/2022","1:08:17 PM","8/19/2022","1:08:17 PM","0.0","","8/19/2022","1:08:17 PM","8/19/2022","1:08:17 PM","0.0","","8/19/2022","1:08:17 PM","8/19/2022","1:08:17 PM","0.0","","8/19/2022","1:08:17 PM","8/19/2022","1:08:17 PM","8/19/2022","1:08:17 PM","8/19/2022","1:08:17 PM","0.0","","0.0","","0.400","MIN","150","Pce","0.000","","0.000","","0.000","","0.000","","00000057","0","57","1","N","50008011"
"0580","","8/19/2022","1:08:17 PM","PP 1 A","ZPO1","","SURPIQUER NERV PS DOS","CRÉÉ","","","","","","8/19/2022","155.000","Pce","0.000","0","","0","","3","0.000","0.000","8/19/2022","1:08:17 PM","0.0","","8/19/2022","1:08:17 PM","8/19/2022","1:08:17 PM","0.0","","8/19/2022","1:08:17 PM","8/19/2022","1:08:17 PM","0.0","","8/19/2022","1:08:17 PM","8/19/2022","1:08:17 PM","0.0","","8/19/2022","1:08:17 PM","8/19/2022","1:08:17 PM","8/19/2022","1:08:17 PM","8/19/2022","1:08:17 PM","0.0","","0.0","","0.500","MIN","120","Pce","0.000","","0.000","","0.000","","0.000","","00000058","0","58","1","N","50008011"
"0590","","8/19/2022","1:08:17 PM","BOUTON","ZPO1","","EXCUTER 1 BOUTOUNNIER+MARQUER","CRÉÉ","","","","","","8/19/2022","155.000","Pce","0.000","0","","0","","3","0.000","0.000","8/19/2022","1:08:17 PM","0.0","","8/19/2022","1:08:17 PM","8/19/2022","1:08:17 PM","0.0","","8/19/2022","1:08:17 PM","8/19/2022","1:08:17 PM","0.0","","8/19/2022","1:08:17 PM","8/19/2022","1:08:17 PM","0.0","","8/19/2022","1:08:17 PM","8/19/2022","1:08:17 PM","8/19/2022","1:08:17 PM","8/19/2022","1:08:17 PM","0.0","","0.0","","0.300","MIN","200","Pce","0.000","","0.000","","0.000","","0.000","","00000059","0","59","1","N","50008011"
"0600","","8/19/2022","1:08:17 PM","S 3 F","ZPO1","","FERMER  PPS DOS","CRÉÉ","","","","","","8/19/2022","155.000","Pce","0.000","0","","0","","3","0.000","0.000","8/19/2022","1:08:17 PM","0.0","","8/19/2022","1:08:17 PM","8/19/2022","1:08:17 PM","0.0","","8/19/2022","1:08:17 PM","8/19/2022","1:08:17 PM","0.0","","8/19/2022","1:08:17 PM","8/19/2022","1:08:17 PM","0.0","","8/19/2022","1:08:17 PM","8/19/2022","1:08:17 PM","8/19/2022","1:08:17 PM","8/19/2022","1:08:17 PM","0.0","","0.0","","0.670","MIN","90","Pce","0.000","","0.000","","0.000","","0.000","","00000060","0","60","1","N","50008011"
"0610","","8/19/2022","1:08:17 PM","MAIN","ZPO1","","RETOURNER SAC DE POCHE","CRÉÉ","","","","","","8/19/2022","155.000","Pce","0.000","0","","0","","3","0.000","0.000","8/19/2022","1:08:17 PM","0.0","","8/19/2022","1:08:17 PM","8/19/2022","1:08:17 PM","0.0","","8/19/2022","1:08:17 PM","8/19/2022","1:08:17 PM","0.0","","8/19/2022","1:08:17 PM","8/19/2022","1:08:17 PM","0.0","","8/19/2022","1:08:17 PM","8/19/2022","1:08:17 PM","8/19/2022","1:08:17 PM","8/19/2022","1:08:17 PM","0.0","","0.0","","0.370","MIN","163","Pce","0.000","","0.000","","0.000","","0.000","","00000061","0","61","1","N","50008011"
"0620","","8/19/2022","1:08:17 PM","PP 1 A","ZPO1","","SURPIQUER SAC DE POCHE PS  DOS","CRÉÉ","","","","","","8/19/2022","155.000","Pce","0.000","0","","0","","3","0.000","0.000","8/19/2022","1:08:17 PM","0.0","","8/19/2022","1:08:17 PM","8/19/2022","1:08:17 PM","0.0","","8/19/2022","1:08:17 PM","8/19/2022","1:08:17 PM","0.0","","8/19/2022","1:08:17 PM","8/19/2022","1:08:17 PM","0.0","","8/19/2022","1:08:17 PM","8/19/2022","1:08:17 PM","8/19/2022","1:08:17 PM","8/19/2022","1:08:17 PM","0.0","","0.0","","0.860","MIN","70","Pce","0.000","","0.000","","0.000","","0.000","","00000062","0","62","1","N","50008011"
"0630","","8/19/2022","1:08:17 PM","PP 1 A","ZPO1","","SURPIQUER HAUT PS DOS","CRÉÉ","","","","","","8/19/2022","155.000","Pce","0.000","0","","0","","3","0.000","0.000","8/19/2022","1:08:17 PM","0.0","","8/19/2022","1:08:17 PM","8/19/2022","1:08:17 PM","0.0","","8/19/2022","1:08:17 PM","8/19/2022","1:08:17 PM","0.0","","8/19/2022","1:08:17 PM","8/19/2022","1:08:17 PM","0.0","","8/19/2022","1:08:17 PM","8/19/2022","1:08:17 PM","8/19/2022","1:08:17 PM","8/19/2022","1:08:17 PM","0.0","","0.0","","0.670","MIN","90","Pce","0.000","","0.000","","0.000","","0.000","","00000063","0","63","1","N","50008011"
"0640","","8/19/2022","1:08:17 PM","MAIN","ZPO1","","ASSEMBLAGE DOS+MARQUER","CRÉÉ","","","","","","8/19/2022","155.000","Pce","0.000","0","","0","","3","0.000","0.000","8/19/2022","1:08:17 PM","0.0","","8/19/2022","1:08:17 PM","8/19/2022","1:08:17 PM","0.0","","8/19/2022","1:08:17 PM","8/19/2022","1:08:17 PM","0.0","","8/19/2022","1:08:17 PM","8/19/2022","1:08:17 PM","0.0","","8/19/2022","1:08:17 PM","8/19/2022","1:08:17 PM","8/19/2022","1:08:17 PM","8/19/2022","1:08:17 PM","0.0","","0.0","","0.250","MIN","240","Pce","0.000","","0.000","","0.000","","0.000","","00000064","0","64","1","N","50008011"
"0650","","8/19/2022","1:08:17 PM","BRAS 2A","ZPO1","","FERMER FOND","CRÉÉ","","","","","","8/19/2022","155.000","Pce","0.000","0","","0","","3","0.000","0.000","8/19/2022","1:08:17 PM","0.0","","8/19/2022","1:08:17 PM","8/19/2022","1:08:17 PM","0.0","","8/19/2022","1:08:17 PM","8/19/2022","1:08:17 PM","0.0","","8/19/2022","1:08:17 PM","8/19/2022","1:08:17 PM","0.0","","8/19/2022","1:08:17 PM","8/19/2022","1:08:17 PM","8/19/2022","1:08:17 PM","8/19/2022","1:08:17 PM","0.0","","0.0","","0.350","MIN","172","Pce","0.000","","0.000","","0.000","","0.000","","00000065","0","65","1","N","50008011"
"0660","","8/19/2022","1:08:17 PM","PP 1 A","ZPO1","","POSER BAIS SUR FOND","CRÉÉ","","","","","","8/19/2022","155.000","Pce","0.000","0","","0","","3","0.000","0.000","8/19/2022","1:08:17 PM","0.0","","8/19/2022","1:08:17 PM","8/19/2022","1:08:17 PM","0.0","","8/19/2022","1:08:17 PM","8/19/2022","1:08:17 PM","0.0","","8/19/2022","1:08:17 PM","8/19/2022","1:08:17 PM","0.0","","8/19/2022","1:08:17 PM","8/19/2022","1:08:17 PM","8/19/2022","1:08:17 PM","8/19/2022","1:08:17 PM","0.0","","0.0","","0.330","MIN","182","Pce","0.000","","0.000","","0.000","","0.000","","00000066","0","66","1","N","50008011"
"0670","","8/19/2022","1:08:17 PM","PCHAINET","ZPO1","","SURPIQUER FOND","CRÉÉ","","","","","","8/19/2022","155.000","Pce","0.000","0","","0","","3","0.000","0.000","8/19/2022","1:08:17 PM","0.0","","8/19/2022","1:08:17 PM","8/19/2022","1:08:17 PM","0.0","","8/19/2022","1:08:17 PM","8/19/2022","1:08:17 PM","0.0","","8/19/2022","1:08:17 PM","8/19/2022","1:08:17 PM","0.0","","8/19/2022","1:08:17 PM","8/19/2022","1:08:17 PM","8/19/2022","1:08:17 PM","8/19/2022","1:08:17 PM","0.0","","0.0","","0.300","MIN","200","Pce","0.000","","0.000","","0.000","","0.000","","00000067","0","67","1","N","50008011"
"0680","","8/19/2022","1:08:17 PM","MAIN+CIS","ZPO1","","CONTROLER DOS","CRÉÉ","","","","","","8/19/2022","155.000","Pce","0.000","0","","0","","3","0.000","0.000","8/19/2022","1:08:17 PM","0.0","","8/19/2022","1:08:17 PM","8/19/2022","1:08:17 PM","0.0","","8/19/2022","1:08:17 PM","8/19/2022","1:08:17 PM","0.0","","8/19/2022","1:08:17 PM","8/19/2022","1:08:17 PM","0.0","","8/19/2022","1:08:17 PM","8/19/2022","1:08:17 PM","8/19/2022","1:08:17 PM","8/19/2022","1:08:17 PM","0.0","","0.0","","0.460","MIN","131","Pce","0.000","","0.000","","0.000","","0.000","","00000068","0","68","1","N","50008011"
"0690","","8/19/2022","1:08:17 PM","S 3 F","ZPO1","","SURFILER COTE DOS","CRÉÉ","","","","","","8/19/2022","155.000","Pce","0.000","0","","0","","3","0.000","0.000","8/19/2022","1:08:17 PM","0.0","","8/19/2022","1:08:17 PM","8/19/2022","1:08:17 PM","0.0","","8/19/2022","1:08:17 PM","8/19/2022","1:08:17 PM","0.0","","8/19/2022","1:08:17 PM","8/19/2022","1:08:17 PM","0.0","","8/19/2022","1:08:17 PM","8/19/2022","1:08:17 PM","8/19/2022","1:08:17 PM","8/19/2022","1:08:17 PM","0.0","","0.0","","0.430","MIN","140","Pce","0.000","","0.000","","0.000","","0.000","","00000069","0","69","1","N","50008011"
"0700","","8/19/2022","1:08:17 PM","MAIN","ZPO1","","MARIAGE DOS+DVT","CRÉÉ","","","","","","8/19/2022","155.000","Pce","0.000","0","","0","","3","0.000","0.000","8/19/2022","1:08:17 PM","0.0","","8/19/2022","1:08:17 PM","8/19/2022","1:08:17 PM","0.0","","8/19/2022","1:08:17 PM","8/19/2022","1:08:17 PM","0.0","","8/19/2022","1:08:17 PM","8/19/2022","1:08:17 PM","0.0","","8/19/2022","1:08:17 PM","8/19/2022","1:08:17 PM","8/19/2022","1:08:17 PM","8/19/2022","1:08:17 PM","0.0","","0.0","","0.170","MIN","353","Pce","0.000","","0.000","","0.000","","0.000","","00000070","0","70","1","N","50008011"
"0710","","8/19/2022","1:08:17 PM","S 5 F","ZPO1","","FERMER ENTRE JAMBE","CRÉÉ","","","","","","8/19/2022","155.000","Pce","0.000","0","","0","","3","0.000","0.000","8/19/2022","1:08:17 PM","0.0","","8/19/2022","1:08:17 PM","8/19/2022","1:08:17 PM","0.0","","8/19/2022","1:08:17 PM","8/19/2022","1:08:17 PM","0.0","","8/19/2022","1:08:17 PM","8/19/2022","1:08:17 PM","0.0","","8/19/2022","1:08:17 PM","8/19/2022","1:08:17 PM","8/19/2022","1:08:17 PM","8/19/2022","1:08:17 PM","0.0","","0.0","","0.500","MIN","120","Pce","0.000","","0.000","","0.000","","0.000","","00000071","0","71","1","N","50008011"
"0720","","8/19/2022","1:08:17 PM","BRAS 2A","ZPO1","","SURPIQUER  ENTRE JAMBE","CRÉÉ","","","","","","8/19/2022","155.000","Pce","0.000","0","","0","","3","0.000","0.000","8/19/2022","1:08:17 PM","0.0","","8/19/2022","1:08:17 PM","8/19/2022","1:08:17 PM","0.0","","8/19/2022","1:08:17 PM","8/19/2022","1:08:17 PM","0.0","","8/19/2022","1:08:17 PM","8/19/2022","1:08:17 PM","0.0","","8/19/2022","1:08:17 PM","8/19/2022","1:08:17 PM","8/19/2022","1:08:17 PM","8/19/2022","1:08:17 PM","0.0","","0.0","","0.460","MIN","131","Pce","0.000","","0.000","","0.000","","0.000","","00000072","0","72","1","N","50008011"
"0730","","8/19/2022","1:08:17 PM","MAIN+CIS","ZPO1","","CONTROLER ENTRE JAMBE","CRÉÉ","","","","","","8/19/2022","155.000","Pce","0.000","0","","0","","3","0.000","0.000","8/19/2022","1:08:17 PM","0.0","","8/19/2022","1:08:17 PM","8/19/2022","1:08:17 PM","0.0","","8/19/2022","1:08:17 PM","8/19/2022","1:08:17 PM","0.0","","8/19/2022","1:08:17 PM","8/19/2022","1:08:17 PM","0.0","","8/19/2022","1:08:17 PM","8/19/2022","1:08:17 PM","8/19/2022","1:08:17 PM","8/19/2022","1:08:17 PM","0.0","","0.0","","0.500","MIN","120","Pce","0.000","","0.000","","0.000","","0.000","","00000073","0","73","1","N","50008011"
"0740","","8/19/2022","1:08:17 PM","MAIN+GAB","ZPO1","","MARQUER COTE","CRÉÉ","","","","","","8/19/2022","155.000","Pce","0.000","0","","0","","3","0.000","0.000","8/19/2022","1:08:17 PM","0.0","","8/19/2022","1:08:17 PM","8/19/2022","1:08:17 PM","0.0","","8/19/2022","1:08:17 PM","8/19/2022","1:08:17 PM","0.0","","8/19/2022","1:08:17 PM","8/19/2022","1:08:17 PM","0.0","","8/19/2022","1:08:17 PM","8/19/2022","1:08:17 PM","8/19/2022","1:08:17 PM","8/19/2022","1:08:17 PM","0.0","","0.0","","0.300","MIN","200","Pce","0.000","","0.000","","0.000","","0.000","","00000074","0","74","1","N","50008011"
"0750","","8/19/2022","1:08:17 PM","PCHAINET","ZPO1","","FERMER COTE","CRÉÉ","","","","","","8/19/2022","155.000","Pce","0.000","0","","0","","3","0.000","0.000","8/19/2022","1:08:17 PM","0.0","","8/19/2022","1:08:17 PM","8/19/2022","1:08:17 PM","0.0","","8/19/2022","1:08:17 PM","8/19/2022","1:08:17 PM","0.0","","8/19/2022","1:08:17 PM","8/19/2022","1:08:17 PM","0.0","","8/19/2022","1:08:17 PM","8/19/2022","1:08:17 PM","8/19/2022","1:08:17 PM","8/19/2022","1:08:17 PM","0.0","","0.0","","0.500","MIN","120","Pce","0.000","","0.000","","0.000","","0.000","","00000075","0","75","1","N","50008011"
"0760","","8/19/2022","1:08:17 PM","MAIN","ZPO1","","CONTROLER COTE +RETOURNER","CRÉÉ","","","","","","8/19/2022","155.000","Pce","0.000","0","","0","","3","0.000","0.000","8/19/2022","1:08:17 PM","0.0","","8/19/2022","1:08:17 PM","8/19/2022","1:08:17 PM","0.0","","8/19/2022","1:08:17 PM","8/19/2022","1:08:17 PM","0.0","","8/19/2022","1:08:17 PM","8/19/2022","1:08:17 PM","0.0","","8/19/2022","1:08:17 PM","8/19/2022","1:08:17 PM","8/19/2022","1:08:17 PM","8/19/2022","1:08:17 PM","0.0","","0.0","","0.500","MIN","120","Pce","0.000","","0.000","","0.000","","0.000","","00000076","0","76","1","N","50008011"
"0770","","8/19/2022","1:08:17 PM","MAIN+GAB","ZPO1","","MARQUER NERVER COTE","CRÉÉ","","","","","","8/19/2022","155.000","Pce","0.000","0","","0","","3","0.000","0.000","8/19/2022","1:08:17 PM","0.0","","8/19/2022","1:08:17 PM","8/19/2022","1:08:17 PM","0.0","","8/19/2022","1:08:17 PM","8/19/2022","1:08:17 PM","0.0","","8/19/2022","1:08:17 PM","8/19/2022","1:08:17 PM","0.0","","8/19/2022","1:08:17 PM","8/19/2022","1:08:17 PM","8/19/2022","1:08:17 PM","8/19/2022","1:08:17 PM","0.0","","0.0","","0.150","MIN","400","Pce","0.000","","0.000","","0.000","","0.000","","00000077","0","77","1","N","50008011"
"0780","","8/19/2022","1:08:17 PM","PP 1 A","ZPO1","","SURPIQUER NERVURE COTE","CRÉÉ","","","","","","8/19/2022","155.000","Pce","0.000","0","","0","","3","0.000","0.000","8/19/2022","1:08:17 PM","0.0","","8/19/2022","1:08:17 PM","8/19/2022","1:08:17 PM","0.0","","8/19/2022","1:08:17 PM","8/19/2022","1:08:17 PM","0.0","","8/19/2022","1:08:17 PM","8/19/2022","1:08:17 PM","0.0","","8/19/2022","1:08:17 PM","8/19/2022","1:08:17 PM","8/19/2022","1:08:17 PM","8/19/2022","1:08:17 PM","0.0","","0.0","","0.500","MIN","120","Pce","0.000","","0.000","","0.000","","0.000","","00000078","0","78","1","N","50008011"
"0790","","8/19/2022","1:08:17 PM","PP 1 A","ZPO1","","OURLER BAS JAMPE","CRÉÉ","","","","","","8/19/2022","155.000","Pce","0.000","0","","0","","3","0.000","0.000","8/19/2022","1:08:17 PM","0.0","","8/19/2022","1:08:17 PM","8/19/2022","1:08:17 PM","0.0","","8/19/2022","1:08:17 PM","8/19/2022","1:08:17 PM","0.0","","8/19/2022","1:08:17 PM","8/19/2022","1:08:17 PM","0.0","","8/19/2022","1:08:17 PM","8/19/2022","1:08:17 PM","8/19/2022","1:08:17 PM","8/19/2022","1:08:17 PM","0.0","","0.0","","0.500","MIN","120","Pce","0.000","","0.000","","0.000","","0.000","","00000079","0","79","1","N","50008011"
"0800","","8/19/2022","1:08:17 PM","MAIN","ZPO1","","CONTROLER OURLER BAS JAMBE","CRÉÉ","","","","","","8/19/2022","155.000","Pce","0.000","0","","0","","3","0.000","0.000","8/19/2022","1:08:17 PM","0.0","","8/19/2022","1:08:17 PM","8/19/2022","1:08:17 PM","0.0","","8/19/2022","1:08:17 PM","8/19/2022","1:08:17 PM","0.0","","8/19/2022","1:08:17 PM","8/19/2022","1:08:17 PM","0.0","","8/19/2022","1:08:17 PM","8/19/2022","1:08:17 PM","8/19/2022","1:08:17 PM","8/19/2022","1:08:17 PM","0.0","","0.0","","0.300","MIN","200","Pce","0.000","","0.000","","0.000","","0.000","","00000080","0","80","1","N","50008011"
"0810","","8/19/2022","1:08:17 PM","THERMOCO","ZPO1","","POSER VIZLINE CEINTURE","CRÉÉ","","","","","","8/19/2022","155.000","Pce","0.000","0","","0","","3","0.000","0.000","8/19/2022","1:08:17 PM","0.0","","8/19/2022","1:08:17 PM","8/19/2022","1:08:17 PM","0.0","","8/19/2022","1:08:17 PM","8/19/2022","1:08:17 PM","0.0","","8/19/2022","1:08:17 PM","8/19/2022","1:08:17 PM","0.0","","8/19/2022","1:08:17 PM","8/19/2022","1:08:17 PM","8/19/2022","1:08:17 PM","8/19/2022","1:08:17 PM","0.0","","0.0","","0.330","MIN","182","Pce","0.000","","0.000","","0.000","","0.000","","00000081","0","81","1","N","50008011"
"0820","","8/19/2022","1:08:17 PM","PP 1 A","ZPO1","","GLASSAGE CEINTURE","CRÉÉ","","","","","","8/19/2022","155.000","Pce","0.000","0","","0","","3","0.000","0.000","8/19/2022","1:08:17 PM","0.0","","8/19/2022","1:08:17 PM","8/19/2022","1:08:17 PM","0.0","","8/19/2022","1:08:17 PM","8/19/2022","1:08:17 PM","0.0","","8/19/2022","1:08:17 PM","8/19/2022","1:08:17 PM","0.0","","8/19/2022","1:08:17 PM","8/19/2022","1:08:17 PM","8/19/2022","1:08:17 PM","8/19/2022","1:08:17 PM","0.0","","0.0","","0.300","MIN","200","Pce","0.000","","0.000","","0.000","","0.000","","00000082","0","82","1","N","50008011"
"0830","","8/19/2022","1:08:17 PM","MAIN+FER","ZPO1","","PERFOMERMEN COUTURE OUVRTURE CEINTURE","CRÉÉ","","","","","","8/19/2022","155.000","Pce","0.000","0","","0","","3","0.000","0.000","8/19/2022","1:08:17 PM","0.0","","8/19/2022","1:08:17 PM","8/19/2022","1:08:17 PM","0.0","","8/19/2022","1:08:17 PM","8/19/2022","1:08:17 PM","0.0","","8/19/2022","1:08:17 PM","8/19/2022","1:08:17 PM","0.0","","8/19/2022","1:08:17 PM","8/19/2022","1:08:17 PM","8/19/2022","1:08:17 PM","8/19/2022","1:08:17 PM","0.0","","0.0","","0.200","MIN","300","Pce","0.000","","0.000","","0.000","","0.000","","00000083","0","83","1","N","50008011"
"0840","","8/19/2022","1:08:17 PM","PP 1 A","ZPO1","","POSER BAIS CEINTURE","CRÉÉ","","","","","","8/19/2022","155.000","Pce","0.000","0","","0","","3","0.000","0.000","8/19/2022","1:08:17 PM","0.0","","8/19/2022","1:08:17 PM","8/19/2022","1:08:17 PM","0.0","","8/19/2022","1:08:17 PM","8/19/2022","1:08:17 PM","0.0","","8/19/2022","1:08:17 PM","8/19/2022","1:08:17 PM","0.0","","8/19/2022","1:08:17 PM","8/19/2022","1:08:17 PM","8/19/2022","1:08:17 PM","8/19/2022","1:08:17 PM","0.0","","0.0","","0.330","MIN","182","Pce","0.000","","0.000","","0.000","","0.000","","00000084","0","84","1","N","50008011"
"0850","","8/19/2022","1:08:17 PM","MAIN+FER","ZPO1","","PERFORMER  MORCEAU CEINTURE","CRÉÉ","","","","","","8/19/2022","155.000","Pce","0.000","0","","0","","3","0.000","0.000","8/19/2022","1:08:17 PM","0.0","","8/19/2022","1:08:17 PM","8/19/2022","1:08:17 PM","0.0","","8/19/2022","1:08:17 PM","8/19/2022","1:08:17 PM","0.0","","8/19/2022","1:08:17 PM","8/19/2022","1:08:17 PM","0.0","","8/19/2022","1:08:17 PM","8/19/2022","1:08:17 PM","8/19/2022","1:08:17 PM","8/19/2022","1:08:17 PM","0.0","","0.0","","0.750","MIN","80","Pce","0.000","","0.000","","0.000","","0.000","","00000085","0","85","1","N","50008011"
"0860","","8/19/2022","1:08:17 PM","MAIN+FER","ZPO1","","PERFORMER 2EME MOURCEAU CEINTURE","CRÉÉ","","","","","","8/19/2022","155.000","Pce","0.000","0","","0","","3","0.000","0.000","8/19/2022","1:08:17 PM","0.0","","8/19/2022","1:08:17 PM","8/19/2022","1:08:17 PM","0.0","","8/19/2022","1:08:17 PM","8/19/2022","1:08:17 PM","0.0","","8/19/2022","1:08:17 PM","8/19/2022","1:08:17 PM","0.0","","8/19/2022","1:08:17 PM","8/19/2022","1:08:17 PM","8/19/2022","1:08:17 PM","8/19/2022","1:08:17 PM","0.0","","0.0","","0.600","MIN","100","Pce","0.000","","0.000","","0.000","","0.000","","00000086","0","86","1","N","50008011"
"0870","","8/19/2022","1:08:17 PM","PCHAINET","ZPO1","","SURPIQUER NERVURE CEINTURE","CRÉÉ","","","","","","8/19/2022","155.000","Pce","0.000","0","","0","","3","0.000","0.000","8/19/2022","1:08:17 PM","0.0","","8/19/2022","1:08:17 PM","8/19/2022","1:08:17 PM","0.0","","8/19/2022","1:08:17 PM","8/19/2022","1:08:17 PM","0.0","","8/19/2022","1:08:17 PM","8/19/2022","1:08:17 PM","0.0","","8/19/2022","1:08:17 PM","8/19/2022","1:08:17 PM","8/19/2022","1:08:17 PM","8/19/2022","1:08:17 PM","0.0","","0.0","","0.600","MIN","100","Pce","0.000","","0.000","","0.000","","0.000","","00000087","0","87","1","N","50008011"
"0880","","8/19/2022","1:08:17 PM","PP 1 A","ZPO1","","GLASSAGE DOUBLER SUR DOS","CRÉÉ","","","","","","8/19/2022","155.000","Pce","0.000","0","","0","","3","0.000","0.000","8/19/2022","1:08:17 PM","0.0","","8/19/2022","1:08:17 PM","8/19/2022","1:08:17 PM","0.0","","8/19/2022","1:08:17 PM","8/19/2022","1:08:17 PM","0.0","","8/19/2022","1:08:17 PM","8/19/2022","1:08:17 PM","0.0","","8/19/2022","1:08:17 PM","8/19/2022","1:08:17 PM","8/19/2022","1:08:17 PM","8/19/2022","1:08:17 PM","0.0","","0.0","","0.430","MIN","140","Pce","0.000","","0.000","","0.000","","0.000","","00000088","0","88","1","N","50008011"
"0890","","8/19/2022","1:08:17 PM","PP 1 A","ZPO1","","GLASSAGE 5 PASSANT","CRÉÉ","","","","","","8/19/2022","155.000","Pce","0.000","0","","0","","3","0.000","0.000","8/19/2022","1:08:17 PM","0.0","","8/19/2022","1:08:17 PM","8/19/2022","1:08:17 PM","0.0","","8/19/2022","1:08:17 PM","8/19/2022","1:08:17 PM","0.0","","8/19/2022","1:08:17 PM","8/19/2022","1:08:17 PM","0.0","","8/19/2022","1:08:17 PM","8/19/2022","1:08:17 PM","8/19/2022","1:08:17 PM","8/19/2022","1:08:17 PM","0.0","","0.0","","0.670","MIN","90","Pce","0.000","","0.000","","0.000","","0.000","","00000089","0","89","1","N","50008011"
"0900","","8/19/2022","1:08:17 PM","MAIN+GAB","ZPO1","","MARQUER POSITION CEINTURE DVT","CRÉÉ","","","","","","8/19/2022","155.000","Pce","0.000","0","","0","","3","0.000","0.000","8/19/2022","1:08:17 PM","0.0","","8/19/2022","1:08:17 PM","8/19/2022","1:08:17 PM","0.0","","8/19/2022","1:08:17 PM","8/19/2022","1:08:17 PM","0.0","","8/19/2022","1:08:17 PM","8/19/2022","1:08:17 PM","0.0","","8/19/2022","1:08:17 PM","8/19/2022","1:08:17 PM","8/19/2022","1:08:17 PM","8/19/2022","1:08:17 PM","0.0","","0.0","","0.260","MIN","231","Pce","0.000","","0.000","","0.000","","0.000","","00000090","0","90","1","N","50008011"
"0910","","8/19/2022","1:08:17 PM","MAIN+GAB","ZPO1","","MARQUER POSITION CEINTURE DOS","CRÉÉ","","","","","","8/19/2022","155.000","Pce","0.000","0","","0","","3","0.000","0.000","8/19/2022","1:08:17 PM","0.0","","8/19/2022","1:08:17 PM","8/19/2022","1:08:17 PM","0.0","","8/19/2022","1:08:17 PM","8/19/2022","1:08:17 PM","0.0","","8/19/2022","1:08:17 PM","8/19/2022","1:08:17 PM","0.0","","8/19/2022","1:08:17 PM","8/19/2022","1:08:17 PM","8/19/2022","1:08:17 PM","8/19/2022","1:08:17 PM","0.0","","0.0","","0.260","MIN","231","Pce","0.000","","0.000","","0.000","","0.000","","00000091","0","91","1","N","50008011"
"0920","","8/19/2022","1:08:17 PM","PP 1 A","ZPO1","","POSER ECHETT SUR DOS","CRÉÉ","","","","","","8/19/2022","155.000","Pce","0.000","0","","0","","3","0.000","0.000","8/19/2022","1:08:17 PM","0.0","","8/19/2022","1:08:17 PM","8/19/2022","1:08:17 PM","0.0","","8/19/2022","1:08:17 PM","8/19/2022","1:08:17 PM","0.0","","8/19/2022","1:08:17 PM","8/19/2022","1:08:17 PM","0.0","","8/19/2022","1:08:17 PM","8/19/2022","1:08:17 PM","8/19/2022","1:08:17 PM","8/19/2022","1:08:17 PM","0.0","","0.0","","0.330","MIN","182","Pce","0.000","","0.000","","0.000","","0.000","","00000092","0","92","1","N","50008011"
"0930","","8/19/2022","1:08:17 PM","CEINTURE","ZPO1","","MONTAGE CEINTURE","CRÉÉ","","","","","","8/19/2022","155.000","Pce","0.000","0","","0","","3","0.000","0.000","8/19/2022","1:08:17 PM","0.0","","8/19/2022","1:08:17 PM","8/19/2022","1:08:17 PM","0.0","","8/19/2022","1:08:17 PM","8/19/2022","1:08:17 PM","0.0","","8/19/2022","1:08:17 PM","8/19/2022","1:08:17 PM","0.0","","8/19/2022","1:08:17 PM","8/19/2022","1:08:17 PM","8/19/2022","1:08:17 PM","8/19/2022","1:08:17 PM","0.0","","0.0","","0.930","MIN","65","Pce","0.000","","0.000","","0.000","","0.000","","00000093","0","93","1","N","50008011"
"0940","","8/19/2022","1:08:17 PM","PP 1 A","ZPO1","","CONTROLER MONTAGE CEINTURE","CRÉÉ","","","","","","8/19/2022","155.000","Pce","0.000","0","","0","","3","0.000","0.000","8/19/2022","1:08:17 PM","0.0","","8/19/2022","1:08:17 PM","8/19/2022","1:08:17 PM","0.0","","8/19/2022","1:08:17 PM","8/19/2022","1:08:17 PM","0.0","","8/19/2022","1:08:17 PM","8/19/2022","1:08:17 PM","0.0","","8/19/2022","1:08:17 PM","8/19/2022","1:08:17 PM","8/19/2022","1:08:17 PM","8/19/2022","1:08:17 PM","0.0","","0.0","","0.300","MIN","200","Pce","0.000","","0.000","","0.000","","0.000","","00000094","0","94","1","N","50008011"
"0950","","8/19/2022","1:08:17 PM","PP 1 A","ZPO1","","RABATAGE CEINTURE","CRÉÉ","","","","","","8/19/2022","155.000","Pce","0.000","0","","0","","3","0.000","0.000","8/19/2022","1:08:17 PM","0.0","","8/19/2022","1:08:17 PM","8/19/2022","1:08:17 PM","0.0","","8/19/2022","1:08:17 PM","8/19/2022","1:08:17 PM","0.0","","8/19/2022","1:08:17 PM","8/19/2022","1:08:17 PM","0.0","","8/19/2022","1:08:17 PM","8/19/2022","1:08:17 PM","8/19/2022","1:08:17 PM","8/19/2022","1:08:17 PM","0.0","","0.0","","0.860","MIN","70","Pce","0.000","","0.000","","0.000","","0.000","","00000095","0","95","1","N","50008011"
"0960","","8/19/2022","1:08:17 PM","PP 1 A","ZPO1","","CONTROLER RABATAGE CEINTURE","CRÉÉ","","","","","","8/19/2022","155.000","Pce","0.000","0","","0","","3","0.000","0.000","8/19/2022","1:08:17 PM","0.0","","8/19/2022","1:08:17 PM","8/19/2022","1:08:17 PM","0.0","","8/19/2022","1:08:17 PM","8/19/2022","1:08:17 PM","0.0","","8/19/2022","1:08:17 PM","8/19/2022","1:08:17 PM","0.0","","8/19/2022","1:08:17 PM","8/19/2022","1:08:17 PM","8/19/2022","1:08:17 PM","8/19/2022","1:08:17 PM","0.0","","0.0","","0.300","MIN","200","Pce","0.000","","0.000","","0.000","","0.000","","00000096","0","96","1","N","50008011"
"0970","","8/19/2022","1:08:17 PM","PP 1 A","ZPO1","","FERMER 1ERE BOUT CEINTURE CACHE","CRÉÉ","","","","","","8/19/2022","155.000","Pce","0.000","0","","0","","3","0.000","0.000","8/19/2022","1:08:17 PM","0.0","","8/19/2022","1:08:17 PM","8/19/2022","1:08:17 PM","0.0","","8/19/2022","1:08:17 PM","8/19/2022","1:08:17 PM","0.0","","8/19/2022","1:08:17 PM","8/19/2022","1:08:17 PM","0.0","","8/19/2022","1:08:17 PM","8/19/2022","1:08:17 PM","8/19/2022","1:08:17 PM","8/19/2022","1:08:17 PM","0.0","","0.0","","0.400","MIN","150","Pce","0.000","","0.000","","0.000","","0.000","","00000097","0","97","1","N","50008011"
"0980","","8/19/2022","1:08:17 PM","PP 1 A","ZPO1","","FERMER 2EME BOUT CEINTURE  CACHE","CRÉÉ","","","","","","8/19/2022","155.000","Pce","0.000","0","","0","","3","0.000","0.000","8/19/2022","1:08:17 PM","0.0","","8/19/2022","1:08:17 PM","8/19/2022","1:08:17 PM","0.0","","8/19/2022","1:08:17 PM","8/19/2022","1:08:17 PM","0.0","","8/19/2022","1:08:17 PM","8/19/2022","1:08:17 PM","0.0","","8/19/2022","1:08:17 PM","8/19/2022","1:08:17 PM","8/19/2022","1:08:17 PM","8/19/2022","1:08:17 PM","0.0","","0.0","","0.400","MIN","150","Pce","0.000","","0.000","","0.000","","0.000","","00000098","0","98","1","N","50008011"
"0990","","8/19/2022","1:08:17 PM","MAIN","ZPO1","","CONTROLER BOUT CEINTURE","CRÉÉ","","","","","","8/19/2022","155.000","Pce","0.000","0","","0","","3","0.000","0.000","8/19/2022","1:08:17 PM","0.0","","8/19/2022","1:08:17 PM","8/19/2022","1:08:17 PM","0.0","","8/19/2022","1:08:17 PM","8/19/2022","1:08:17 PM","0.0","","8/19/2022","1:08:17 PM","8/19/2022","1:08:17 PM","0.0","","8/19/2022","1:08:17 PM","8/19/2022","1:08:17 PM","8/19/2022","1:08:17 PM","8/19/2022","1:08:17 PM","0.0","","0.0","","0.300","MIN","200","Pce","0.000","","0.000","","0.000","","0.000","","00000099","0","99","1","N","50008011"
"1000","","8/19/2022","1:08:17 PM","CEINTURE","ZPO1","","MONTER CEINTURE","CRÉÉ","","","","","","8/19/2022","155.000","Pce","0.000","0","","0","","3","0.000","0.000","8/19/2022","1:08:17 PM","0.0","","8/19/2022","1:08:17 PM","8/19/2022","1:08:17 PM","0.0","","8/19/2022","1:08:17 PM","8/19/2022","1:08:17 PM","0.0","","8/19/2022","1:08:17 PM","8/19/2022","1:08:17 PM","0.0","","8/19/2022","1:08:17 PM","8/19/2022","1:08:17 PM","8/19/2022","1:08:17 PM","8/19/2022","1:08:17 PM","0.0","","0.0","","0.300","MIN","200","Pce","0.000","","0.000","","0.000","","0.000","","00000100","0","100","1","N","50008011"
"1010","","8/19/2022","1:08:17 PM","BRIDEUSE","ZPO1","","EXECUTER 4 BRIDES POCHE DVT","CRÉÉ","","","","","","8/19/2022","155.000","Pce","0.000","0","","0","","3","0.000","0.000","8/19/2022","1:08:17 PM","0.0","","8/19/2022","1:08:17 PM","8/19/2022","1:08:17 PM","0.0","","8/19/2022","1:08:17 PM","8/19/2022","1:08:17 PM","0.0","","8/19/2022","1:08:17 PM","8/19/2022","1:08:17 PM","0.0","","8/19/2022","1:08:17 PM","8/19/2022","1:08:17 PM","8/19/2022","1:08:17 PM","8/19/2022","1:08:17 PM","0.0","","0.0","","0.430","MIN","140","Pce","0.000","","0.000","","0.000","","0.000","","00000101","0","101","1","N","50008011"
"1020","","8/19/2022","1:08:17 PM","BRIDEUSE","ZPO1","","EXECUTER 6 BRIDES","CRÉÉ","","","","","","8/19/2022","155.000","Pce","0.000","0","","0","","3","0.000","0.000","8/19/2022","1:08:17 PM","0.0","","8/19/2022","1:08:17 PM","8/19/2022","1:08:17 PM","0.0","","8/19/2022","1:08:17 PM","8/19/2022","1:08:17 PM","0.0","","8/19/2022","1:08:17 PM","8/19/2022","1:08:17 PM","0.0","","8/19/2022","1:08:17 PM","8/19/2022","1:08:17 PM","8/19/2022","1:08:17 PM","8/19/2022","1:08:17 PM","0.0","","0.0","","0.500","MIN","120","Pce","0.000","","0.000","","0.000","","0.000","","00000102","0","102","1","N","50008011"
"1030","","8/19/2022","1:08:17 PM","MAIN+GAB","ZPO1","","MARQUER POSITION PASSANT","CRÉÉ","","","","","","8/19/2022","155.000","Pce","0.000","0","","0","","3","0.000","0.000","8/19/2022","1:08:17 PM","0.0","","8/19/2022","1:08:17 PM","8/19/2022","1:08:17 PM","0.0","","8/19/2022","1:08:17 PM","8/19/2022","1:08:17 PM","0.0","","8/19/2022","1:08:17 PM","8/19/2022","1:08:17 PM","0.0","","8/19/2022","1:08:17 PM","8/19/2022","1:08:17 PM","8/19/2022","1:08:17 PM","8/19/2022","1:08:17 PM","0.0","","0.0","","0.400","MIN","150","Pce","0.000","","0.000","","0.000","","0.000","","00000103","0","103","1","N","50008011"
"1040","","8/19/2022","1:08:17 PM","BRIDEUSE","ZPO1","","EXECUTER BRIDES 5 BAS PASSANT","CRÉÉ","","","","","","8/19/2022","155.000","Pce","0.000","0","","0","","3","0.000","0.000","8/19/2022","1:08:17 PM","0.0","","8/19/2022","1:08:17 PM","8/19/2022","1:08:17 PM","0.0","","8/19/2022","1:08:17 PM","8/19/2022","1:08:17 PM","0.0","","8/19/2022","1:08:17 PM","8/19/2022","1:08:17 PM","0.0","","8/19/2022","1:08:17 PM","8/19/2022","1:08:17 PM","8/19/2022","1:08:17 PM","8/19/2022","1:08:17 PM","0.0","","0.0","","1.200","MIN","50","Pce","0.000","","0.000","","0.000","","0.000","","00000104","0","104","1","N","50008011"
"1050","","8/19/2022","1:08:17 PM","BOUTON","ZPO1","","POSER 1 BOUTONNERE CEINTURE","CRÉÉ","","","","","","8/19/2022","155.000","Pce","0.000","0","","0","","3","0.000","0.000","8/19/2022","1:08:17 PM","0.0","","8/19/2022","1:08:17 PM","8/19/2022","1:08:17 PM","0.0","","8/19/2022","1:08:17 PM","8/19/2022","1:08:17 PM","0.0","","8/19/2022","1:08:17 PM","8/19/2022","1:08:17 PM","0.0","","8/19/2022","1:08:17 PM","8/19/2022","1:08:17 PM","8/19/2022","1:08:17 PM","8/19/2022","1:08:17 PM","0.0","","0.0","","0.150","MIN","400","Pce","0.000","","0.000","","0.000","","0.000","","00000105","0","105","1","N","50008011"
"1060","","8/19/2022","1:08:17 PM","POSE BOU","ZPO1","","POSER BOUTON PLASTIQUE","CRÉÉ","","","","","","8/19/2022","155.000","Pce","0.000","0","","0","","3","0.000","0.000","8/19/2022","1:08:17 PM","0.0","","8/19/2022","1:08:17 PM","8/19/2022","1:08:17 PM","0.0","","8/19/2022","1:08:17 PM","8/19/2022","1:08:17 PM","0.0","","8/19/2022","1:08:17 PM","8/19/2022","1:08:17 PM","0.0","","8/19/2022","1:08:17 PM","8/19/2022","1:08:17 PM","8/19/2022","1:08:17 PM","8/19/2022","1:08:17 PM","0.0","","0.0","","0.120","MIN","500","Pce","0.000","","0.000","","0.000","","0.000","","00000106","0","106","1","N","50008011"
"1070","","8/19/2022","1:08:17 PM","MAIN+CIS","ZPO1","","EPLUCHER L'ENDROIT","CRÉÉ","","","","","","8/19/2022","155.000","Pce","0.000","0","","0","","3","0.000","0.000","8/19/2022","1:08:17 PM","0.0","","8/19/2022","1:08:17 PM","8/19/2022","1:08:17 PM","0.0","","8/19/2022","1:08:17 PM","8/19/2022","1:08:17 PM","0.0","","8/19/2022","1:08:17 PM","8/19/2022","1:08:17 PM","0.0","","8/19/2022","1:08:17 PM","8/19/2022","1:08:17 PM","8/19/2022","1:08:17 PM","8/19/2022","1:08:17 PM","0.0","","0.0","","1.700","MIN","36","Pce","0.000","","0.000","","0.000","","0.000","","00000107","0","107","1","N","50008011"
"1080","","8/19/2022","1:08:17 PM","MAIN+CIS","ZPO1","","CONTROLER L 'ENDROIT","CRÉÉ","","","","","","8/19/2022","155.000","Pce","0.000","0","","0","","3","0.000","0.000","8/19/2022","1:08:17 PM","0.0","","8/19/2022","1:08:17 PM","8/19/2022","1:08:17 PM","0.0","","8/19/2022","1:08:17 PM","8/19/2022","1:08:17 PM","0.0","","8/19/2022","1:08:17 PM","8/19/2022","1:08:17 PM","0.0","","8/19/2022","1:08:17 PM","8/19/2022","1:08:17 PM","8/19/2022","1:08:17 PM","8/19/2022","1:08:17 PM","0.0","","0.0","","1","MIN","60","Pce","0.000","","0.000","","0.000","","0.000","","00000108","0","108","1","N","50008011"
"1090","","8/19/2022","1:08:17 PM","MAIN","ZPO1","","SUPER CONTROLE L'ENDROIT","CRÉÉ","","","","","","8/19/2022","155.000","Pce","0.000","0","","0","","3","0.000","0.000","8/19/2022","1:08:17 PM","0.0","","8/19/2022","1:08:17 PM","8/19/2022","1:08:17 PM","0.0","","8/19/2022","1:08:17 PM","8/19/2022","1:08:17 PM","0.0","","8/19/2022","1:08:17 PM","8/19/2022","1:08:17 PM","0.0","","8/19/2022","1:08:17 PM","8/19/2022","1:08:17 PM","8/19/2022","1:08:17 PM","8/19/2022","1:08:17 PM","0.0","","0.0","","0.400","MIN","150","Pce","0.000","","0.000","","0.000","","0.000","","00000109","0","109","1","N","50008011"
"1100","","8/19/2022","1:08:17 PM","MAIN+CIS","ZPO1","","EPLUCHER L'ENVERS","CRÉÉ","","","","","","8/19/2022","155.000","Pce","0.000","0","","0","","3","0.000","0.000","8/19/2022","1:08:17 PM","0.0","","8/19/2022","1:08:17 PM","8/19/2022","1:08:17 PM","0.0","","8/19/2022","1:08:17 PM","8/19/2022","1:08:17 PM","0.0","","8/19/2022","1:08:17 PM","8/19/2022","1:08:17 PM","0.0","","8/19/2022","1:08:17 PM","8/19/2022","1:08:17 PM","8/19/2022","1:08:17 PM","8/19/2022","1:08:17 PM","0.0","","0.0","","1.700","MIN","36","Pce","0.000","","0.000","","0.000","","0.000","","00000110","0","110","1","N","50008011"
"1110","","8/19/2022","1:08:17 PM","MAIN","ZPO1","","SUPER CONTROLE L'ENVERS","CRÉÉ","","","","","","8/19/2022","155.000","Pce","0.000","0","","0","","3","0.000","0.000","8/19/2022","1:08:17 PM","0.0","","8/19/2022","1:08:17 PM","8/19/2022","1:08:17 PM","0.0","","8/19/2022","1:08:17 PM","8/19/2022","1:08:17 PM","0.0","","8/19/2022","1:08:17 PM","8/19/2022","1:08:17 PM","0.0","","8/19/2022","1:08:17 PM","8/19/2022","1:08:17 PM","8/19/2022","1:08:17 PM","8/19/2022","1:08:17 PM","0.0","","0.0","","0.400","MIN","150","Pce","0.000","","0.000","","0.000","","0.000","","00000111","0","111","1","N","50008011"
"1120","","8/19/2022","1:08:17 PM","MAIN","ZPO1","","EMBALAGE","CRÉÉ","","","","","","8/19/2022","155.000","Pce","0.000","0","","0","","3","0.000","0.000","8/19/2022","1:08:17 PM","0.0","","8/19/2022","1:08:17 PM","8/19/2022","1:08:17 PM","0.0","","8/19/2022","1:08:17 PM","8/19/2022","1:08:17 PM","0.0","","8/19/2022","1:08:17 PM","8/19/2022","1:08:17 PM","0.0","","8/19/2022","1:08:17 PM","8/19/2022","1:08:17 PM","8/19/2022","1:08:17 PM","8/19/2022","1:08:17 PM","0.0","","0.0","","0.210","MIN","286","Pce","0.000","","0.000","","0.000","","0.000","","00000112","0","112","1","N","50008011"
"1130","","8/19/2022","1:08:17 PM","MAIN","ZPO1","","LANCEMENT","CRÉÉ","","","","","","8/19/2022","155.000","Pce","0.000","0","","0","","3","0.000","0.000","8/19/2022","1:08:17 PM","0.0","","8/19/2022","1:08:17 PM","8/19/2022","1:08:17 PM","0.0","","8/19/2022","1:08:17 PM","8/19/2022","1:08:17 PM","0.0","","8/19/2022","1:08:17 PM","8/19/2022","1:08:17 PM","0.0","","8/19/2022","1:08:17 PM","8/19/2022","1:08:17 PM","8/19/2022","1:08:17 PM","8/19/2022","1:08:17 PM","0.0","","0.0","","1.340","MIN","45","Pce","0.000","","0.000","","0.000","","0.000","","00000113","0","113","1","N","50008011"
"1140","","8/19/2022","1:08:17 PM","MAIN","ZPO1","","MANUTENTION","CRÉÉ","","X","","","","8/19/2022","155.000","Pce","0.000","0","","0","","3","0.000","0.000","8/19/2022","1:08:17 PM","0.0","","8/19/2022","1:08:17 PM","8/19/2022","1:08:17 PM","0.0","","8/19/2022","1:08:17 PM","8/19/2022","1:08:17 PM","0.0","","8/19/2022","1:08:17 PM","8/19/2022","1:08:17 PM","0.0","","8/19/2022","1:08:17 PM","8/19/2022","1:08:17 PM","8/19/2022","1:08:17 PM","8/19/2022","1:08:17 PM","0.0","","0.0","","3.180","MIN","19","Pce","0.000","","0.000","","0.000","","0.000","","00000114","0","114","1","N","50008011"
